engine_rpm,hydraulic_pressure_bar,vibration_mm_s,oil_temp_c,workload_stress_pct
1654.3360192379935,187.94539131535097,1.435381286369407,63.725026564386404,43.86618605564509
1698.2690983945513,172.00948740507133,1.214932106154288,54.8941877121985,34.16620689836354
1415.9125768668355,179.58727642424046,1.4096485260607603,64.23385387608246,39.49505857442186
1542.6337993119764,177.9231602402434,1.3310215655200528,61.587266306250875,37.34277643526504
1487.5357908162132,169.6064220330614,0.9711825664301357,56.822210792977984,36.08639474315266
1693.5678393147462,166.6876173329685,1.3998937502727635,61.17012227176574,33.071909847359365
1501.039517974142,210.84310694910482,1.6258809013540911,60.952119449625286,43.06803651941959
1509.2436337958402,188.36715459527792,0.8993437632655581,63.789609249618096,35.20692719327703
2081.0390423989897,292.2446097692292,9.49307775213771,88.79087989144183,100.0
1521.6746707663763,164.6815077430393,0.8838952742560937,64.87908359672355,31.972443786289176
2000.0,299.23904483019726,8.408386492971436,85.0,100.0
1608.704706823817,172.23583051445743,1.565147556247649,58.845668130776154,39.91785863377999
1682.3170583961914,176.2696331072468,1.2042819203509303,58.287253995711175,40.13779797717522
2022.7002944197397,312.70676695784584,7.623317062224343,92.0775249507921,100.0
2171.3042949495803,280.0,8.171700622396562,86.53991281829346,100.0
2105.782317230743,294.14953105769575,6.708715898361566,90.12347658315836,98.22546944924521
1611.3517345251248,174.7702179838821,1.4894554899292372,63.39571387719098,37.328593402669654
2000.0,329.46203122030147,9.33008347461164,89.20201911932942,100.0
1612.2009814645362,168.79182481278264,0.7941989142469397,62.279520975853515,39.12764416136197
1586.9856945632316,195.75981594011418,1.0583728266908619,60.61773847977791,36.83507116269643
1539.601481328418,176.62851897160974,0.7070433566537497,51.8476337814243,33.791526243545235
1627.669079933002,173.3072485017783,0.9772588242905855,70.0,33.25064996069146
1649.7998291245449,184.21787135954062,,56.26710826729881,40.46754174905602
1604.8084946661381,177.83868666417578,1.5342965084006615,61.07356591585263,40.77587325960418
1657.0890510693166,199.76091098451488,1.0550816844949682,63.25760995669753,40.712477528311815
1663.3919022318012,203.6098014493505,1.3084510575618304,65.35771576117443,45.116936649553544
1557.9354677234642,174.09991781508958,1.346756139044299,64.84092330266431,35.637644688033724
2287.9260629360606,296.27441728489833,10.032273089172795,94.92383590550486,100.0
2208.085831393051,290.5175630756726,6.12461741531863,94.66507868817409,92.01074461948133
2092.4140614975304,280.0,8.413913945497686,87.65549480327437,96.77947759542144
1455.1915658502676,163.55587369657198,1.3131301181706558,61.2066096745839,36.71156656737354
1476.9135683566044,171.53882053894907,1.7131840117745774,60.27467055499925,41.326853777192895
1647.1468357135996,196.08761005964703,1.0057374583094523,57.68419318957301,41.76758643370978
1461.7200269035663,184.82546709294022,1.4453668974075085,61.436644522015044,39.41038581184986
1602.4510174258942,191.38392884680147,1.3780670166842586,58.9707028455983,40.43795540098111
1605.8208718445999,171.43231515325806,1.5228021415795794,66.00039478213431,41.87496680465636
1562.5179192450403,153.58786782028835,1.1245383341866513,66.09485394896832,32.64240228147126
1618.1866255058494,191.1314305801396,0.5364414266011479,,40.22790869632336
2037.6930365743651,282.687651916197,6.471236965838917,86.21917894235109,91.28571374133156
1697.554512712236,189.49397726633265,1.5419635683387136,62.360011354596374,43.85539340135591
1662.4119817052156,179.0379248011051,1.5302878904995714,56.28757883730808,35.204796246808115
1629.6120277064576,177.49322879524718,0.8999006026183276,58.60518534834096,40.6512330187025
1682.541634898803,193.0510159603313,1.3914153304322272,62.49932061870186,44.817114420966504
2085.9697235281046,329.8889475101781,7.3759634658658335,85.0,100.0
1662.9628841923611,,1.1113559045912518,66.64466659767704,38.54883096851674
1539.9783122841204,173.57827258551131,1.1372334378766416,52.175986143189725,32.7788275091749
2124.614132272089,294.749615217068,10.27019226061229,91.67633064934925,100.0
1507.7834675822376,188.0497912879093,1.1427288624818104,55.698074946102494,36.69487377353806
1594.4452301103381,204.42594934692806,0.6692772285332645,59.20477394799974,43.13935554630371
2082.27893896383,303.05395422084314,8.091182917957287,87.1187172402241,100.0
1601.8418379189552,177.40580910114866,1.4962003549767304,50.43872512290112,40.47721223754707
,317.2794126170548,,93.00526659295241,100.0
1594.04746439382,150.0,1.4432424819479346,55.524650788616974,36.68106235344209
1452.141375422016,170.91576690394703,1.8070818657688918,62.71739689335047,33.646141094170126
1457.5251813786542,174.5574215934051,0.9995567743383018,59.78261525093069,38.30100366752563
1539.8293387770602,159.83324233448585,1.3454198451883423,62.823029629468,33.82166906574207
1672.5766623898692,184.02888418294884,1.1801602156122533,50.0,38.918639375264604
1553.6582307187537,177.19692533757961,1.1124566193253367,64.09388821877431,40.03128563994645
1413.273480740825,171.39449994092132,1.2230555648876305,63.945283436877595,36.570569027513436
2273.5949270464434,280.0,10.554551661481277,90.18545444963327,100.0
1689.959987543325,181.17952785474137,1.1223611811998693,65.40883363836414,40.11162997823654
1703.0999522495952,201.30756371984782,1.3015451530385074,63.4102603285631,43.599842730466
1652.9804177915282,186.55407254619524,1.2520024993111225,63.20239897600412,40.45817659061429
1900.0,171.97147182659148,1.4685114942228346,66.37437520639361,41.42504174520308
1641.3434903223701,194.94071528708724,0.9130690869545973,62.78276562266879,39.02870620034288
1491.8936672400102,171.53628602013916,1.2255954427695073,59.52770642778999,35.15856707616298
1596.7246729784001,176.8646511407096,1.570734657546646,59.533065705500256,38.500309572274105
2115.14626458339,315.81794115180014,9.77511899862633,89.43333271947847,100.0
1636.1395605508415,177.34579158758925,1.1283203702490916,65.36489023883006,37.29446378292077
1744.15686206579,197.85969412179512,1.27318595937255,59.04748447001094,42.454430355037765
1617.457781283184,191.1938034904083,1.7699645804685646,,42.50201198151282
1513.8715798671738,192.57736161677462,0.8583500646657692,61.07698252728144,42.346909063442915
1607.1566237219392,186.89958214408674,0.7205626944348758,67.58197027626787,39.993373418472665
1472.0423033264299,206.58377395004615,1.326291883316817,50.0,46.42978290794444
1541.0635243055788,190.9144431545547,1.0690842328420294,59.80346356186185,41.31345547132164
1537.7300480179406,177.05475226372533,1.1956643187365161,63.062343970068014,34.60708075102723
1573.1111309445168,183.61129769232852,0.7646472929845323,58.55725652062148,40.84368024799756
1619.6861235869123,176.79016733661737,0.8797401257237181,51.96711449630661,38.99334479379222
1514.3916174091132,168.69873194480724,1.3765659809312158,70.0,39.09943442545601
1540.842861116417,164.19876655239517,0.8619697593270583,60.11951521642478,34.441684885422376
1727.155509499416,173.43812549514885,1.3387773878561853,58.75735690962775,36.97261857196627
1592.7989878419667,184.28798086087357,0.9002093303115267,56.18356947910709,36.90136867843829
1646.2103474263272,172.59365125258032,1.6187051432369868,50.1868715416371,35.1869720055901
1700.3532897892023,185.01685184980536,1.0485675236315348,60.18968917723801,38.344489619187705
1632.4166352488442,183.0164857007245,1.1495568544245631,57.038220221739735,41.461448188514346
1637.1145873371308,159.4968195237687,1.1690235719552857,59.06551920919008,37.09512646429145
2000.0,331.6011211827862,9.132670111376306,85.0,100.0
1596.2365297575152,178.75978971235952,1.3997772756163385,61.94489364676092,35.55348057278778
1705.364179660784,167.5967946894021,0.7902132866398397,58.12588971689097,36.24079992786913
1679.1662693962935,168.68586224970963,1.1141987334359666,66.70737957765441,40.10138259314097
1400.0,193.7747490900347,1.0119848326230105,53.98399572305428,44.61965448754149
1695.5142320501238,192.50293442413385,0.9398609352867299,64.16666955890153,41.48190389994756
1533.7376241054153,178.94251832911362,1.1942218860796816,59.02651351941659,34.90088932311005
1551.4636452170896,175.19479037708518,1.1366609283516915,62.28640202307621,34.72702923781589
1645.9180079228436,174.49458241375015,0.9227300567195087,64.46848844694556,35.647975999855504
1762.8615545571292,205.16551221114662,1.31772479015363,69.52068294786504,42.99030746399651
1714.9273326285677,191.0526584563865,1.0112209818921634,54.22818665883508,39.01652064017211
1547.023979623296,188.85982246038463,1.2849863614638426,60.12694210271205,39.086469402835604
1480.3793375919329,206.93816509643284,1.0176534038716702,53.81168788836351,45.768453517564794
2037.5074897495108,347.37635681087704,9.025555324579507,89.33124366088998,100.0
1611.422764866204,,1.4516821501408836,59.0286543401074,43.268842872453796
1747.5356216949551,150.0,1.5785764502141975,67.86509862607429,30.021434049697483
2095.526364118223,280.0,8.825024678446429,88.83647283322173,100.0
1726.6911149186624,179.6166889351283,1.6177395900192986,54.54033049802344,41.33635627549761
1434.5143328134232,184.2386992573245,1.4192292357199574,62.23436250401349,38.89108279192137
1575.4256935914057,185.99531927628962,1.6851637724905872,63.57304895318309,43.786953111707845
1633.7602662075203,171.3523439890992,0.821950570448226,55.25541739587581,34.529869280184506
2106.7334584148557,323.6044072095338,9.483105744775356,94.88761394175256,100.0
1575.461188399713,179.39763074033485,1.2369614420353456,64.29225558328332,39.15441180515032
2000.0,332.5581798650714,9.0160808823452,96.73702658078469,100.0
1625.9722501721483,161.8545788573834,1.4146143946323733,67.89059028781092,32.80074950401081
2162.6871731838887,333.5702537959685,9.918804465526218,95.08718470894264,100.0
2128.7580638037703,301.91276014619956,10.289669418776542,90.77755754338479,100.0
2061.5332968390417,347.1329487312391,8.893100213630088,96.58411030005367,100.0
1691.5402117702074,188.75892277988945,,58.064346751052426,39.212773989665955
1573.0593165555442,178.67576927473118,1.3429073308068658,67.81444384254098,37.94902854213803
1577.653721467415,179.94596191364147,1.2247319258803508,65.48234616905442,40.65045708320362
2245.072615881234,315.9055988124174,7.650408113177916,87.61891792462878,100.0
1534.816389219784,182.23001185803167,1.0937877867176928,64.38023396264897,40.21992932147908
1635.7015485965048,190.98960115823368,1.1734911122383993,61.669299832842675,41.56790160684726
2090.921548329429,280.3188667015133,7.616001652858957,95.80522497719794,95.59682291140044
1736.8631557532349,178.0526895039986,1.2551548634261085,68.52052758127746,36.22506219311397
1639.913611435207,152.0019507439041,1.3493229267274183,53.95261532290597,31.409153125048665
1507.3069528421918,191.57548065972517,1.1597073775588356,54.12202697187574,44.025956642684434
1618.6454314769428,158.0343767968527,1.2325679117329569,64.70655290383742,31.519402349759783
1557.9015519179736,182.75039879668734,1.3673073182175373,54.46853243794183,39.24013643740512
1827.0692857804397,170.91427615494993,1.6118545424029591,61.44361831412512,35.062096808922625
1666.9672548830038,161.64089599856615,1.5363092001973413,54.51348736183578,33.17270469978393
2123.77954187041,280.0,9.126521128359101,98.66140767049413,100.0
2030.9205116028052,314.8731444740543,9.230957855567492,91.13615791859907,100.0
1637.7300493044852,170.14658581542906,1.346361685461322,59.223704755876255,34.6902828800285
2131.464564000426,308.84964493989077,10.745065611168972,91.08247067257813,100.0
1475.2216818035151,163.20495158060783,0.7012524035892977,53.16431096769877,31.3700442455483
2060.329746239188,282.8496492031613,8.737133837984777,86.94397532821054,100.0
1509.568337489559,188.99893094994306,1.4154557177123803,64.9272484280761,35.998409899475625
1693.1280119116198,171.43880559375785,1.111379576958291,67.43623077667964,36.8066991122647
1679.1031947043048,196.10447624789657,1.3539317394528247,60.87605709454256,42.32102164653278
1675.8969220493268,182.96866175193972,0.9326423323754137,63.34170244359041,38.16496616827707
1611.0922589709867,201.80076715676552,1.5240144197143946,62.57127378008917,41.4324355889804
1596.4173960890048,159.3102115797821,1.0824725552868535,56.07006983682509,35.78980248437727
1452.1478009632572,182.49678312319585,0.8812819415559361,57.485126147243285,37.91631703295811
1534.6670767426288,156.35411764523627,0.9401475455356497,52.97216490410679,31.54118565841343
1428.9831607343374,188.73146555202925,1.4336809510536341,56.9391654142259,41.0621245015837
1666.2130674521047,174.76113443522357,1.6846748470644695,58.48977250255068,33.11530240551906
2117.7246778899366,305.83063578919183,7.812042045848373,94.10759169466317,100.0
2230.371370489024,301.8138305180856,8.233123186293403,92.32511368822479,100.0
2101.8104682141498,304.87318643255014,7.497482207729798,92.27135405566776,100.0
1479.9703592944225,177.4105905008877,1.24795691759922,54.55183481328806,39.36883688447658
2000.0,309.8887941270386,10.383105414189846,88.45068216457692,100.0
1659.5157025436913,197.8054545834057,1.42437307683526,57.47126647869032,37.4232954296915
1449.6857046881894,160.5475207806623,0.7307275164866845,,30.827472930578818
1480.8696502797352,188.54650920348305,1.6836834773965936,61.63910586421542,41.99300502506719
2124.558485814899,350.0,11.230815861912724,96.80980499193228,100.0
1424.1260513576885,213.15784502387027,1.0525091443103858,58.16746489815974,43.47107723362475
2231.0687785816754,313.8379547174607,11.4177926114154,93.98322008411029,100.0
1530.0274492007416,188.08133988669553,1.3171394549786668,54.48853925081788,40.997244006719235
1579.7807347566106,208.7104703080018,1.242882928429112,67.81706679416054,43.16065930558025
1474.8886423614697,,1.6204795778839287,62.91772151505944,44.287156052142855
1552.082576215471,183.0438453127695,1.5951345202019596,60.37977633958044,39.322817230333705
2204.89339982421,294.418145212466,8.449112161108136,87.85173570572002,100.0
1548.9983601145252,182.77020458797364,1.0014053466610173,60.38740259259431,37.90562950661975
1777.080063563551,187.7390882655615,0.687792612722116,60.79026744960066,35.144104294364226
1669.6206364813418,180.31907365104092,1.4764950335773377,65.98623461822613,36.15050116831343
1784.8956094945345,184.63249518898445,1.1617352638867398,53.14163151384767,38.20064475143677
2049.3695780092166,319.87120408668585,6.765376274884215,91.36901206707405,100.0
1400.0,162.06175406947224,1.0487460506976984,61.126320586237746,34.789617380968096
1681.286211883896,193.74491512053723,1.3682758343823715,63.110349951530246,41.119233750765595
1644.426331148604,198.93876155140774,1.6267109585095523,60.7179396825258,44.740398204333076
1730.547880715433,182.25628357715365,0.6596826797541783,61.83824646495711,38.640162204052864
1578.231879677278,177.1397639885498,1.7197544998455276,55.907856670289995,41.309104395027106
1753.2738913002577,214.36413858886112,1.285666222457297,55.97842120170004,43.93063220865497
1711.9574911434577,175.36325303696248,1.0649432205445766,59.063354907968126,37.035101128783225
1408.1228784700959,175.383326475705,1.5321242007860918,62.40933030859246,35.77716544587158
2094.9501589511,321.70598873032674,6.880236328327769,91.31896701281637,100.0
1535.3427115757474,152.45691940345054,1.0475579407058067,57.3687607174129,37.556879595459506
1640.1711722098942,155.31901879564663,1.393564675785017,56.84211135417334,36.240117551726826
1448.0630034045987,171.7454226923187,1.5001746954128934,56.71082723073931,31.490536549284997
1677.4634053429336,174.44078501870843,1.2780965516313663,62.76625609992392,35.1010414123693
2101.4413497635555,290.2892079855814,7.181075826382018,,94.91517037922226
1775.2270443423622,186.29298665860543,0.8553617894524032,62.76520042926179,39.45533035473469
1752.3124077269658,181.2274403782135,1.5117335362260804,62.54134319837295,41.01334914824081
1724.6085192497628,197.94947229968477,1.304302945061501,53.6533475172665,39.418056499753035
1618.3342005738352,178.52490559807876,1.4842579386368573,58.792512770646105,37.39693154383248
1437.2457562116838,165.90996909271868,0.8457561554073465,59.418854784390206,35.86725331037363
2066.7919768829306,280.0,7.357967095286589,98.46520017088767,96.81483615743124
1567.7938483794323,190.6253467094903,0.8796591235262421,64.59227221971207,39.586448969415954
1499.7470635362192,195.1472563401395,1.612331427951245,57.74170261920189,42.189552901831455
1559.8779528114164,216.59628609508908,1.2268742043765746,64.10172006306227,45.87632758147313
2130.5047689811827,348.96685289579625,6.0,92.00647612542777,100.0
1459.3338903151778,198.4039983582646,1.082396208024261,55.51678886342396,39.287530615261865
2058.8173860068205,291.19202167031295,9.115825127991425,88.52695615360668,100.0
2164.1702766894496,310.17112161648697,7.775758613789622,93.70128523332045,100.0
1601.3929291912946,191.30012431656797,1.46606621702919,57.22226610256567,38.400578892987006
1485.7029702169377,188.58874172034237,1.2063934946015826,57.54048776246898,39.321740486903714
1665.1391251305797,169.6621827286565,1.4690517947596595,59.96739342385271,35.20641752555091
1612.02956317119,158.9609209230046,1.3977737005297215,64.57695137780081,31.8885791625573
1607.5804558193727,204.2056690358797,1.060406862965984,62.81440430087177,42.755085084527344
1651.5047686306048,195.74329072979003,0.72564278939036,64.48533098443566,40.1549939311822
1487.4510952701623,212.47503517351626,1.064372900150076,53.014409074435044,44.81909358850008
1609.1760776535502,179.75365655890872,1.499493269444388,53.30697100138376,39.1089135754226
1570.8306250206724,175.7732308670924,1.4558321025366658,58.3296138451003,37.98827133973672
1604.7398671316414,174.9437104332294,1.0279194681309296,67.36335337875491,36.80046675866518
1569.045356068601,210.09139332238684,1.3567542315797272,66.39732465828875,46.735050778053946
1556.744181218038,185.8770600810382,1.1046854709731297,58.81722356390527,43.46893503844139
,338.7017479844447,10.260163414948668,94.09289274294814,100.0
1573.0125064706629,159.79310565705455,1.3277661618579106,61.288762700713754,34.28548304335595
1641.2780926936498,201.60175823174208,0.9470260214051425,,46.120921964211846
2063.6164226097844,313.089873311905,9.02251260886919,94.89130757994205,100.0
1653.891004368466,178.51665520213285,1.177270714039362,70.0,37.42769900611708
2045.7085550964716,282.531942220605,7.149114471195908,93.42501115482433,95.52958976009329
1735.6240028570824,174.18447660096024,1.1931395813103354,64.4364541863337,41.10560935574022
1730.714275428243,193.08685992420217,1.1493534830429968,53.70747544662333,40.43071639730237
2012.358448892355,330.7260578414496,10.216439602839909,85.0,100.0
2079.215988738599,318.3941121671453,7.233513944225393,89.06812440350497,100.0
1605.9218434014488,153.58855861266272,1.3090895647874903,55.71613953086604,33.03329241164248
1510.274562851417,186.32881131352926,1.3490097669709564,68.42507139354255,43.67918648372323
1528.7154217322836,171.29214825292917,1.4040648316351347,52.427648454096165,36.322843549298774
1640.4981710960956,200.70137031221176,1.3281583085615054,,41.969359348306085
2208.5266708662384,324.6391100501969,8.8984254897588,90.06352602166073,100.0
1400.0,181.3261032943777,1.360351694544165,62.253017064312694,40.15773245029317
1611.7327383308782,,1.3343150777430832,65.22544237042376,32.803981278341375
1702.9155637325644,173.00945247197637,1.4671149490559359,60.206628161353095,37.65629238173748
2139.3204517797426,322.920123742291,8.167695103624393,95.13051930526608,100.0
1423.6959844637265,172.03504567497274,1.976869092605584,56.5472947384187,34.644944417409135
2147.6392718111406,288.8982126364661,7.292242372385686,94.04062987566073,94.37039108632943
1664.7688538100692,181.44181165411476,1.0062107462626393,57.26659957706367,38.74536353494994
1400.0,194.24331203161987,1.1330393236095584,61.6202851411078,39.12444408983633
1631.0907565598004,165.1291147581554,0.6680902595379355,68.77737849157745,33.29909436798852
2094.988833813821,283.8526043553807,8.178898453408207,94.30945410042665,100.0
1513.9586634716047,170.7989600468859,1.230556888578596,56.98009687015385,35.70520901416939
1552.8961694381678,177.40392263574196,1.3864715669568153,50.0,41.0067205611011
2000.0,326.79327728862376,8.487830197582374,91.39953219498477,100.0
1504.4459559399575,177.71295245429184,1.3803620246787345,50.0,37.51625482827638
1400.0,176.860144842722,1.826861616508432,60.5287689563574,39.96883696239768
1494.22890710441,168.48303652343807,1.5089882452743484,59.12822871048582,40.53742196951576
1785.2278184508937,166.22022080273703,0.946093003502738,54.901678306539424,31.084614421330134
1621.6458589581976,154.97123889183615,1.2699648393790504,62.31592397633792,36.22662896953083
2000.0,333.9096130165096,8.828953505800655,93.5368082880236,100.0
,176.29233926219104,1.151960161330008,59.78588309344212,37.414442447909465
1532.2838288487887,186.8030145227097,1.1682154937087592,55.60092823248973,37.21892848690618
1752.3029856408025,173.06587066942436,0.960242398004924,58.641724448369736,39.0913905565215
1462.2330632042908,190.47334970420386,0.6590580971232165,56.87827305143388,40.284736914087304
1542.3228669431667,180.1552892976507,1.4222473036260377,63.42753869395102,40.90082728607036
1602.9756139495746,169.079955881563,1.220803301110875,62.18656593519481,36.97889356140594
1727.7664895788425,189.19160857593855,0.7287371543794502,60.724439165484455,39.941745031181945
1592.5554084233834,212.44882084958192,0.9076412085988075,53.38771021628215,44.30441924189045
1481.6741487334225,171.6376232248825,1.442136778991193,51.480642065866405,38.404680478122394
1570.0992649534132,183.35681927458347,1.6563948155767354,67.26630331660517,40.252746480565754
1519.1506397106812,190.22837234439467,0.8462880626520592,57.2522143204571,36.615264149299335
1584.8214904964416,195.45425181047764,0.9571189440235062,62.346337949042635,44.06547864786924
1747.7894044741515,172.65840836222668,0.9288894417809614,69.9625767658406,32.0846934667889
2121.084064956383,326.3985050527047,8.79436141100008,90.40048704532651,100.0
1433.9039066484008,181.29215824569562,1.5105748004171258,69.14810100858044,37.73035130993621
2198.7801531235837,334.1321630972783,9.785053720363834,91.23651112178729,100.0
1588.5460154747382,183.35871201096992,1.1510799108168708,58.20185163773769,39.646192149880186
1809.238727568546,162.85492630904275,1.2717740592333449,67.40831701231299,38.37286611007713
1675.138712337179,177.19543045521831,1.1426916712199493,66.47935890931507,37.51179542842093
2080.5841001739773,287.4500780209392,7.873854427015852,101.55348797148176,100.0
2176.6233291578324,334.40565792835434,9.244600176600912,92.10481901109614,100.0
1576.586304305082,175.3624181479704,0.9140014175223863,66.70230525895174,35.54649618772179
1502.1627222384968,153.47340951655724,1.1785202244425799,59.81214677510259,36.10778507097227
1577.9030400466777,158.7942825464253,1.0251724027165254,58.46095764430558,31.29346500290034
1626.105527217989,182.20070529649985,0.9966765088425446,58.60119915752083,36.542480317099596
1763.2411303931635,160.5797778641864,1.509763861302497,64.24087106333334,34.311836557514965
1571.1341361079863,213.78653708016463,2.141324560097998,56.20858965556205,47.28611293954129
2004.8614027938297,287.5751251981122,8.661166561511338,88.575320637353,100.0
1602.8318376130462,180.3119056151311,1.2621801988196832,58.13840473531039,41.87349783227465
1516.0278157819223,182.6984122673022,0.9085029796376142,64.37258537066262,42.60623121876959
1752.9550319460614,192.23605818808946,1.4371876797488305,56.708757938330756,40.264992903789604
1540.0607354555978,200.880034295169,0.7861145505633208,56.751173865758666,44.410914084137254
1599.2027358683383,185.82867906796446,1.298023429380696,60.70628570043731,40.82850116176518
1714.282281451502,173.30349578174207,1.4128355451417118,58.85100184712403,39.730085959092776
2000.0,301.52802836543646,7.061832315719838,88.02853599565782,99.3146666656048
1473.9116045664955,170.61655947735707,1.006131807046859,55.4612190992654,35.180284344357126
1657.059866859316,187.29752465739304,1.1211327512375195,59.67905911445751,36.12901950324428
1654.2560043585966,166.58089046670744,1.1242939493621136,54.25868355623691,36.46721663070273
1511.6142563798867,206.96529790274283,1.1042838193000146,56.96649852617352,44.612805702820346
1735.563785880495,190.784299659976,0.8120181126386509,69.43843828670096,40.09982117088076
1635.7112571511746,172.0369684061952,1.192741318082725,68.59688953103648,36.85293927573266
1661.0585745283822,180.92519774771958,1.1854042945288645,58.34605387836221,36.30886007212245
1515.0155630535207,203.4226679509028,1.1200043012296754,60.46686187138326,41.15404482039147
1668.1500697372624,210.8624320456755,0.8988127883755503,50.58424895970708,43.32951637681292
1685.2433334796224,195.70647453918232,1.137564942818238,61.98963524973404,42.00185575775665
1579.1877749642724,178.92598110878905,1.3638852744011098,54.916584357117515,37.85893213534048
1713.5565640180598,182.963994070386,1.2440379035956648,54.311571647875915,38.274722643138475
1615.0301761461878,189.46217526832166,1.014824044035923,56.22104249920819,41.01872239684518
1517.2769056447678,175.12752924737066,1.2669716742387478,63.11355611950134,34.96101647105998
1494.078647811105,156.6615653069456,1.2465572051576936,57.304386484255105,32.96317633255431
1492.2255222070694,181.80046990077392,1.623279713923881,63.48951636269514,42.375717503190366
2095.1677016642475,280.0,10.589771886902358,96.41573418680763,100.0
2131.0700583384137,309.0525859491113,8.349286419142443,92.55458073484034,100.0
1596.0444846143346,189.28731391507796,0.923442056062406,63.563560144306656,35.54872325542801
1790.941664047013,194.88063524304783,0.9293845336927469,57.87881833300978,43.74012960696742
1588.767195030917,182.54041236054118,1.2796087048198885,62.04303653850884,41.452770212580845
1589.1239851543141,159.15641299854605,1.3563367285138015,64.476777153813,30.16411264677971
1546.9498852389472,168.9670508611535,1.626824440829982,62.67408668172955,36.76276598000957
2068.9405557182768,297.0885585592921,7.543618686886054,95.83135852443307,100.0
1705.8424486849588,194.45818675192365,1.2628978245823876,64.75724638529043,38.33182996913022
1676.7434729152908,172.81877067504783,,64.14866208939587,39.59894483381652
1528.5648581973633,196.75943747382192,1.6120975635488872,62.67314543061217,42.24481980122689
1487.0293145342382,180.0456903023012,1.2152663105568053,57.66752310385901,39.482230491601484
1638.4065448939307,174.3130838851877,0.9915860606732825,61.47812244373547,35.851924848148144
1439.3553679742427,190.62163015032885,0.7668435551599374,56.965674110714126,40.0154025740066
1575.1035851520926,189.50665321398148,1.6081975787515952,59.755514082629475,37.16127530154987
1592.5566570899953,168.98112634802925,1.0759604516630172,64.87656229238989,37.08435258318918
2119.4824163349076,298.7847818604028,8.15339578381348,92.39125317237323,100.0
1697.511973341775,176.33765047064026,1.9933030041051105,69.9353055584972,43.4458231059566
1623.5614558108566,169.96390892010126,0.7177016918645824,66.31853338827334,31.76589541107272
2091.134995177673,319.4607656432043,9.61368837038893,93.16378945735794,100.0
1499.1913689082596,166.00098061390207,0.8227266423256151,57.1482431679316,37.45266527130117
1703.7539944257899,174.52017673031838,1.2569118502831187,55.24040769988882,37.43361941601937
1663.8592458777373,202.96126248515546,1.331542721642918,64.34577296248449,44.97136633092123
1558.4712086099198,172.68132887781445,1.0927663731568718,66.36176750053384,36.06840609550391
1775.4794181984364,,1.1450410143838836,62.86195155587838,38.34236763548423
1548.6133082663307,183.50678867686122,1.1016315850461247,56.960623696620914,40.470368375361645
1650.4046515517844,185.61084854771357,1.1088821913670006,61.10270713506934,37.68862672667244
1528.4696290740033,189.20276959095625,1.1704235603147215,57.78477989435759,41.06979769340204
1685.7659623202019,170.41557378465745,0.9282803097412142,57.670972154409185,36.633095331623764
1546.0240319690638,172.66725867320588,1.4086613272697333,60.363402621646706,34.99203614591541
1695.4001763493202,211.12891308937898,1.6836661884766273,58.99254233026241,49.57622159923853
1401.2431085399107,197.82589910172126,1.0705139061845854,,42.814323174945244
1652.1941565616899,179.31620975466754,1.256874484979623,65.106916477147,39.73485350101131
1674.7293605123261,,1.5519373912759924,70.0,45.459444314894135
1605.5724912288695,176.6811956462134,0.6400380145918151,57.450966534045584,38.98009734434624
1575.2481364448495,197.47109031685756,0.8021856941753884,57.492989265571815,43.9932008505059
1540.760607576113,180.42271736053692,0.9298137796056394,57.91902797557373,36.89503700378456
1624.4966571108723,177.7491661945121,1.2807380823735321,60.21757334321733,39.870143485924295
1457.7746290402326,160.03150569663333,0.8337862722257523,57.501349119241844,31.97280312628408
1590.3286888129608,177.09510811080423,1.7385634067736966,58.58430551628116,39.33321652053013
1647.359243063518,150.0,1.1090460651497174,55.406567442569525,33.366234572087436
1459.153870363644,179.9493831388357,1.2750600618755084,65.35305279989593,36.654880739934406
1709.877685198719,183.26149309769585,1.8693900438577895,67.66183862339058,38.63753114483106
1465.1814577894288,176.60273851725253,1.3373318598455657,62.45603832705998,37.30235841112784
1709.4191518470948,175.8478005016662,1.5022541069510766,60.17220505852921,39.13588449973319
1649.6714153011233,194.07425708963996,1.145131067668548,56.391312233313734,41.47546462692492
1668.1952971294963,216.05123377857413,0.9636648744275282,63.12754008415518,43.54646236868812
1471.9570647503717,190.44581171185072,1.3820169177408548,53.53429228120676,43.504060396042014
1579.6954613957007,194.0147986685891,0.9514508925659262,50.0,41.062814846620455
2000.0,282.8285196948505,10.442478377225434,93.9210420056237,100.0
1593.3920201352682,176.79835693604687,1.4018583707900458,55.55379585885838,34.126412400012185
1631.1250154543536,185.8997675909156,1.5611653311506448,56.66110221765557,40.00179820288788
1554.9934528520757,180.73290105488556,0.6319155999138643,59.522678764554634,38.97467141386776
1592.2898290585895,192.60965323483086,1.0132051914796643,58.50161675996606,43.450196126483924
1819.0455625809977,157.15219642824337,1.5257946348525095,62.41343943604606,35.43236404834445
1717.9440120721288,156.10509399702497,1.3054344622624747,59.84280414812612,36.35035420350354
1806.0747924881987,162.1860237145573,1.2179797890798985,58.60558302924622,32.12744541810913
1716.7782061659807,188.12194092307183,1.2062659464887886,62.333354909830405,42.54260534644691
2170.895295086784,324.06855833574616,9.119498368206695,94.31191409455823,100.0
1609.7077549348041,192.30723271796046,1.3760081404425824,59.93081126952881,44.050525514773334
2100.3383887195323,303.6529901551493,9.649364462560765,94.80597912769886,100.0
1514.2842443583718,186.38186342677446,1.1750683282113916,61.945795978339646,42.00760653046487
1501.849134895205,194.9440022917071,1.5930926238358825,54.95722657961896,40.74095340775732
2017.4435806324452,280.0,11.016065631708233,91.20721729448113,100.0
1535.4880245394875,210.15306808149523,1.3640200704604137,58.95343090210319,46.051632832671416
1550.6999065341167,179.44166645235237,1.2019266809432814,58.779597631628995,37.865273093656164
1606.8562974806027,208.21735604160887,1.0952049611645407,55.368094350092306,40.742421557269395
1517.1004989077928,194.9701516478948,1.4090863213532208,61.93404260344602,44.173484797189694
1664.5375949585148,177.22068511683437,0.5,59.73797774711265,40.23967105685883
1715.8110873500068,184.5395319785855,0.5,65.05731517704179,37.51203093774774
1625.9882794248424,207.699554940715,0.9217940597428278,70.0,41.45408825612722
1697.1570950954356,186.2069864617725,0.8073538802642664,52.97405076598213,38.94997485700377
1633.8496407494415,190.16888807008903,1.1429882894995516,61.32010040666835,40.01911327247317
1754.9934405017539,172.46918663471084,0.7151068174690236,58.52455042881047,33.23979546490999
1593.7320902726829,184.96320348321686,1.4475294794002904,57.25865602537461,40.70380534911747
1696.3376129244323,178.6539645856916,1.1261812535610154,55.52326838818488,36.565113508999374
1539.9361310081194,173.69719774356213,1.2203566531582208,65.62176679935251,38.73885086283953
1697.255444962673,159.65127293064893,1.3505348208502634,63.88013956921738,34.80471962665911
1475.4261221288011,169.77023628003303,1.4014020229351396,60.290113674041976,36.60552009322523
1695.042383818605,188.2507814853683,1.0075555214331142,57.71939586262906,42.14443535282301
2136.8217299985845,314.1906846052559,10.22450802831812,92.1822555245676,100.0
1524.626383564251,158.53837346822928,1.3654456128121402,58.82689715021293,34.70069629170184
1660.600995134564,173.20157926009088,2.1329755668016084,61.807086586365514,38.262210676637274
1622.745993460413,160.79543401993658,1.1686652344387585,56.45210072625414,35.90857510049509
1634.1151974816644,170.21064031046413,1.2583822365711728,59.74897691479128,40.17328582251094
1757.9212815507392,183.3320065745057,1.2368010947984387,53.50209381536201,37.59468461395637
1527.4256186846535,187.03161384112536,1.5291458135261087,62.35022093684101,42.29156185931211
1900.0,182.88073674735048,1.1581661172957,,41.275894578275626
1756.4643655814007,169.0360494008712,0.9232769446504492,53.094776984231125,37.096034494566304
2191.6824115313652,310.88717595031216,6.719509917541383,89.56659694128265,100.0
2115.8944007637924,280.0,6.0,89.95050303729323,89.39210317054504
1533.8213535231612,183.36677727839958,1.1900310028066616,54.837380482362306,36.47680222636617
1678.182287177731,163.9487285051077,1.2715106948204355,62.16479912680348,38.58970420020706
1627.1578837195373,186.548397062365,0.7510412234729762,70.0,34.86078631698469
1814.3944089325325,172.75220306550938,,68.4997868728819,41.127847629211374
1831.4658566673509,187.84253232053248,1.1606229098723087,63.522532699123616,38.67504341742669
2116.60826811205,288.46641745057974,11.612597559022813,90.78574269893635,100.0
1692.617754753164,169.97864319535427,1.3129228578292549,59.77243877349379,38.75191828615814
1493.7696286273895,158.27979149375633,1.1941741182336802,62.77756323171124,37.22398449158
2131.6639078967796,320.29767192152747,7.579618591955809,90.93758175885559,100.0
1662.1809962217196,186.99644973650288,1.5352196447707382,54.98891490536638,41.18106713396851
1671.4000494092093,162.62452966211185,0.7627345501605207,56.87161356251894,32.922480056626924
1617.136828118997,190.12229238249907,1.6236661666246288,66.90727039345244,47.008596921082614
1632.6133022242118,210.92255364954596,1.325519466266605,65.20862332029425,47.62245871749127
1625.7550390722765,189.68226271711615,,53.24462816895989,43.779248545328436
,180.4800622359865,1.0712266739104015,54.34898137663038,38.60059128056027
1516.078247677736,167.51466640343656,1.2505382928808841,57.09973379314979,34.241873193126494
1662.28499323475,180.60887536805825,1.2639881122118815,51.11876833266774,37.067952534700304
1400.0,171.27478629077035,1.0427734806196223,67.38467213059137,34.360588634289286
1618.4836123694874,167.9523157397948,1.2430165402026754,60.54704235916485,35.597492384320816
2000.0,290.7159985715351,10.436910758523819,85.0,100.0
1545.5617275474817,173.31746217898842,1.7619893328652636,52.34446248722139,38.754973148851214
1675.7507710047305,166.44138537802814,1.1597162513441086,55.56659538858271,36.78855370079677
1542.310813047685,182.5562433356323,0.759742420274268,58.037644469695636,35.33463928379466
1433.847993773104,198.28142777545975,1.2058849973081969,57.722302369880644,40.411663003777875
1648.1009231736714,202.92702639618798,1.8299165367499546,57.744205707955004,43.449878965508304
1659.3101257968383,203.13164928851813,0.9508666780330304,55.68058519705117,41.74195769964689
2029.5396728317817,298.0893012963228,6.4181971743162975,92.84240335719056,96.08892976113201
1641.2931454275624,188.96100104774786,1.525735897481804,67.77080210357387,40.74561332283711
1561.4917719583684,171.66784321259618,1.2977388949746498,55.84088895884778,37.52536336444959
1513.6009230320185,179.86321505033695,1.3915175776825148,54.34965330479821,41.46008352316671
1650.0917187624382,164.02329505386942,1.1314200253979945,59.122180272503925,41.55368500075934
2051.388292370122,309.6025272926338,7.768441940576883,96.02862880238668,100.0
1466.4655641289899,197.22956024143073,0.9128547255314872,62.61071272966968,44.5528506263257
1574.7431848606839,174.56338587895303,1.5913020728634457,62.316031460495616,38.445854879385344
2155.693439772743,300.3646805781305,6.0,85.0,94.34229884785279
1621.1017467202619,162.87466328799744,1.1037997123328425,54.191080780438185,31.951997698416804
1547.5479733720226,205.90445776850106,1.5582328209142116,50.16465148206424,40.60977002856714
2007.9077010757705,297.78284720389865,8.840026372741896,93.54553061539224,100.0
1609.9332305429225,170.85731696761076,0.5,60.49033769769472,34.80856525502712
1506.0120213672644,168.45040153412037,1.1972099036584156,55.8136878447515,36.50997966585623
1509.1975924478788,181.23425983913137,1.072092721138337,61.95347960464072,36.92043048873904
1710.3301882016522,178.17378737425074,1.3264759831843367,61.25736804470256,38.104019912548914
,194.35053475191876,0.5111457140588286,62.28843293026776,42.35082794709551
1412.9208078974143,173.35076623212734,1.1297940422679056,50.896983497257416,38.2591468216275
1671.7542255795963,218.69564006481477,1.351641047749988,58.63003459085348,47.930781529093004
1601.2592400781796,188.4586368007854,1.1546180149039464,62.273704560705674,42.149599415396096
1548.1729781726353,195.66241315603608,1.2973077845164809,56.16671706108326,43.48000949124605
1581.4341023336183,157.2638382750415,1.1645794419026763,63.71341209179861,33.87393203332021
1471.0039100258946,187.36462427457377,1.0778891061219658,55.18633717357694,37.692611550138196
1716.316375215496,181.15232836590383,1.1075897147442775,61.30221131666778,38.55016208366429
1404.79122004775,186.45062470786604,1.284048347645882,61.58077978591389,38.82778484924849
1651.9346514241172,150.0,1.183531799815114,63.147647921109055,32.832637085510555
1598.098379209731,204.63022740204553,1.0213016117869524,59.63026217195804,39.28849321497151
1589.2969640045442,205.08858580256555,1.0571337379366024,56.41040554626199,43.1463415702022
1606.980208499002,202.51139685951466,0.6949685423337149,60.47672099720654,44.199397143204216
1624.1962271566035,201.704668265306,1.4649329331441476,54.38727596877793,46.605247742451766
1492.9107501938888,165.49535785306182,0.7485838877906993,59.73439673491227,35.02138740745819
1609.7676098548832,188.9213151249793,1.1415275158941958,57.41785178056214,40.515997370340415
2044.144026031116,280.0,8.928704930192099,,100.0
1612.9221181975227,193.91760192121856,1.2797634688956145,65.19189425509659,37.75683441696579
1438.7284128810347,212.13405537917794,1.004999225752962,67.05229572601752,45.27322103911745
1632.6927373764163,159.42148285602966,1.1040457430235469,53.15842480583595,32.52838107223095
2000.0,280.0,7.60538288804668,92.06073177016174,99.6763358092452
1489.3474091258329,219.02524671270592,1.1963733156461835,56.08123239437786,43.983482340228655
1520.3104744529523,157.72653047325144,1.6469590315806246,54.26154305092166,34.476217833540204
1663.2781866106284,212.35962319898255,1.1458824954712776,63.66246051389901,42.67853424139791
1557.311893005258,171.25383842146593,1.4677792014897926,55.0885298287266,34.34037623674943
1601.3001891877907,173.21540521126386,1.0164692727284144,67.32088619376219,36.116398902955595
1610.6430227691897,188.82867606630916,1.5577522537433923,61.60796605669619,39.42431647738793
1562.8559134004208,180.22032292093795,1.2102457252464074,68.15928449544555,35.5107061796166
1624.8220586300336,184.48938870609737,1.6600301103888975,55.199768523602685,39.1168340985803
2088.4076336734856,288.40527357448303,9.316330528510521,87.7795692980782,100.0
1783.1458765854354,184.79672901213806,1.4124911541603191,,36.8254396644688
1517.931768164829,190.6350563638277,0.7194102564308494,61.27691877837159,36.85493677940266
1776.5454240281097,202.14810524588844,1.490837160158021,60.07809166974801,42.63589553667661
1498.7895624739833,177.49317429320382,0.8366484212157657,60.294921107947985,35.231683180313006
2082.0544823297514,314.06471909172063,6.107866062755002,94.66147574013132,98.94535464236473
1709.150685192246,186.6690400233021,1.1755431980695061,63.4636137755843,41.677130830621685
1523.2652437111951,175.78987384699838,1.0834444640733343,58.575622533151645,37.89877540614977
1446.5885829264378,169.22389101646203,0.9692572950638105,68.69425675926665,35.42510622338772
1400.0,179.50309540689304,1.6846127068408325,61.51909297802438,37.43729629393282
1846.3242112485286,203.6617991964521,1.4542265031451265,58.72522103223151,41.61129385920897
1555.570673992389,198.0062086191664,1.0075539272867071,,39.6296321792428
2138.3861628293466,293.5077549913048,11.078560919262731,94.67536052218487,100.0
1510.1585328651643,181.5806325921894,1.4401228575683047,62.97514732917782,41.33313090096252
1583.871428833399,182.86648602029854,1.3229455970785537,54.57424736721101,41.42083119506203
1580.7639035218876,178.57056701419572,1.0394015442138231,59.3727286999855,37.06999095787882
1611.567463429286,184.18491243335703,0.598841290677974,61.843665736587596,37.46635487216977
1419.511789933548,150.36800150469193,1.3641357345525629,61.261201982133386,33.96734693639124
1496.4757677580626,186.28528514049069,1.4623167542138182,58.84737687409874,36.00873521978361
1651.4438834058749,206.2436511478041,1.4812710412879675,57.25229862702233,43.380844776326214
1529.7946906122647,196.0001203438373,1.461389189237173,57.53438588800114,44.67673321941818
2080.5551040895307,323.6272465315061,8.752023010798792,87.24414632186016,100.0
1651.3267433113356,196.6305537087436,1.1223285078887768,50.40163421901172,40.994690009682124
1517.4502803207488,197.8420573338696,1.276121898448372,58.32431109414274,43.47854923919514
2066.669975550763,312.91672940430766,7.810514841590504,85.0,100.0
2089.0151227368897,307.85470468378116,10.111499507155365,94.0719791055658,100.0
2201.7513937550925,313.9884797197353,7.18228929798691,93.89362966284986,100.0
1787.6795812558066,168.6480736714581,1.3417218833641131,53.32259215450054,37.44028742948204
1633.3662105286949,182.04802996624107,0.7910477986221569,58.938955150494245,37.5103712414321
1594.4415329089545,188.3434501410099,1.38135459790661,66.62898323771095,41.27178230980518
1560.7891846867842,200.7323848655629,1.2379138738639235,53.71746552860372,40.208261425126004
1553.4270246429744,173.40403412588736,0.7310427573910029,67.68965959206277,33.78681060520672
1428.6865470909122,179.7054330160998,1.192043622225282,62.865639066206,36.37841617161645
1478.8983800237543,202.36089205274928,1.3775442401224134,64.77650279118876,43.51739438271345
1569.8896304410712,185.73614619276077,1.3357115388749201,63.44853902622597,41.93610937606976
1588.435171761176,163.1591696765655,1.1761075826262855,53.538686524471906,31.646850582809286
1662.834550926428,184.93143615455222,1.787504236266178,57.57347082316066,38.45867588016411
1789.6792982653947,207.01410649366224,1.147234256270299,63.255681209118286,44.05279002380911
1580.9661321916392,175.64588183717024,0.8784428300879533,68.62348324880554,37.55127704825835
2070.9506671075546,298.0312483883791,7.808245401948072,94.77107612739545,99.15652686166516
1502.1236284217694,165.42578942234022,1.2057443332247255,,35.920833257065844
1649.3317900880888,193.70376939349873,1.089216858226139,53.81286680888714,40.73329918192485
1458.4629257949587,185.53009963309353,1.3051890297820676,62.85306498609766,40.39350373875467
1503.5076539419895,180.65717207968663,1.740153354453256,66.23445857767359,37.94309503386067
1573.5343166762043,156.24145764771416,1.071209332644822,61.40318202245068,34.40264130174421
1469.5530499495146,170.26083682400989,0.9532740202853398,61.08387781881314,34.33671367811497
1755.1151975522523,169.89764063634198,1.1206455476068167,62.41033363667693,34.24921160514637
2145.7605022640378,307.35726822196904,8.984778223687309,94.60922460644092,100.0
2234.293973869805,333.18762086601043,7.2322690623607615,97.88413876326841,100.0
1672.1672064043235,190.83572036741657,0.682257981362821,66.00265829236936,40.13506005401243
1745.3534077157317,150.0,1.1888889608854762,64.98429386732904,30.448702331950567
1553.0824347895295,186.607121069406,1.5210450714949282,,42.65639609767251
2037.8102812123275,280.0,10.086721271231195,94.37012122927105,100.0
1472.3251424179691,193.55902261629294,1.0049928196779305,56.911791615331516,42.22398907162908
2101.026291483495,316.14807139439375,6.894712655658502,86.9200056104245,100.0
1477.7872191108054,183.3702708862783,1.0606787213071835,59.07077123903626,38.6672560915726
1547.4244978319239,156.44249094565234,1.4587180417148276,54.78977793878448,31.760144233448994
2142.1229346937844,314.54068957729777,6.991597936465801,86.01096941928542,100.0
1464.8315394383667,176.9448937473455,1.3851017848730092,58.15396399776277,36.49061869914587
1529.233053438122,197.59093528889048,1.124986045620314,64.45123750418254,41.01555769916874
1700.629280921444,174.17734772188157,0.8282678773038297,51.80257918737283,35.75083977418241
1585.2942618497862,194.46130752432535,0.749108901481454,57.34514551094018,43.579364091326376
1543.7712470759027,157.71659440444543,2.157932270353458,61.35747655412824,39.422781239138125
1499.3982618500297,204.50147298451645,1.822224800924992,69.81293595265397,43.381180131969174
1514.1642219818787,202.39032853439284,0.667129430130504,66.64320414124116,44.045992118199486
1668.6260190374514,179.63468111608526,1.1325432054575764,60.4191331396468,39.04370995139187
1872.016916658962,191.40621984216446,0.9922737060378432,68.79310242097567,38.80924697569535
,313.9583333468415,9.676004168966122,88.08600181653358,100.0
1606.7528204687924,214.48347185428875,1.475768680372561,58.853046279659864,48.5893040195963
1598.148686400761,169.67774482233415,0.5592977358063913,60.97512492014064,36.335230306229164
1574.5022782579144,205.0485675652711,0.6664237247980449,68.7746653582362,42.98161030421622
2122.341427057322,304.2641152852346,11.274043212079572,90.86712784421907,100.0
1517.777960443357,175.5365474496001,1.2924151618512307,62.07432750180955,38.35384242285364
1400.0,159.45295530631384,0.9079361400886594,55.377670059352226,32.43789164606128
1584.432276460792,152.9702934362997,1.6984410497184053,63.88703676382256,34.649154344117015
2000.0,320.08966512766034,7.6576633805040615,95.35105688618636,100.0
1705.3802052034903,170.29594833441638,0.7458856822161518,54.0516667045482,35.35327062883697
1430.7535370285182,184.6111004671365,0.9946110522719988,50.0,38.50639374384164
1567.2337853402232,197.5394338566851,0.7962060959259754,67.21816001734408,41.776345925392384
1639.4452142378298,157.81632646838807,1.5844931385011305,65.67810073591473,35.28696849460923
1636.1636025047635,189.87816409009247,1.452186007951366,,41.34289667897237
1788.2024496475033,174.52570905685673,1.423257591449981,57.94286696441999,37.66187093402623
1813.3033374656266,185.7290317834733,,61.67529014542059,37.50876646266148
,310.50421735080164,6.0,94.5492987320923,100.0
1750.2357052096029,167.94488148045403,1.518062972249664,58.78308010312491,37.468194407663255
1623.2253697161004,201.6564690610989,0.650810130943063,61.94807088685452,41.78722706654135
1682.1902504375223,206.9183679527668,1.103303859236598,63.60781252563072,46.30116691123755
1619.5845255097681,182.11329370366806,,59.55382922889275,39.98934091559322
1636.6598246096848,180.5112520238884,1.200062119475459,57.05566586630652,39.01969693943938
1515.3206281931596,176.68553739255503,1.295752353125754,55.999807178011764,39.651884433758404
1456.413784882056,187.15561240834683,1.1355236909133795,62.91013283542363,39.540412867765205
1400.0,161.6135150549649,0.8568821378038014,60.95317795632512,35.18395612860941
1491.8451996385604,187.61986990368814,1.1556659043547586,66.94168889104223,40.36485641140311
1483.1321962380468,182.79913684734538,1.25714990393372,50.0,37.10952001658188
2124.932228480382,330.5021830516355,7.603498475117714,93.65909156315516,100.0
1576.105195313359,200.8531132352597,1.2122757526187162,56.34521862142263,43.157192652852984
2074.5409977805903,320.39804279057506,6.800822573098382,97.04607701014206,100.0
1552.2342553234882,169.8342694537184,1.3386517998245828,63.01059160196242,35.819329853959886
1500.9463674869312,171.6161722909262,1.0392109664657856,62.100472452259204,36.3968487092791
1596.5288230294757,189.1184476457481,1.2995940991707042,60.429465031466655,40.31506802947955
1736.6874267444525,175.25387325457797,1.2591947122216787,57.076911346714,39.20948044886992
1661.5935606944263,182.76826954795555,0.9575202835077221,62.09804986012059,34.65269020235994
1569.0787624148786,187.07123334579606,1.5952792606823878,61.19702250267689,39.18036366322589
2125.48168038391,304.16482735482924,10.24425786630248,90.11473711539553,100.0
2224.7031347597517,319.8941130755006,7.616331800828309,93.63854447473598,100.0
1522.6990216144534,192.8012333817046,1.5401310290601193,59.01766708285951,43.44854384398379
1555.9955513303016,172.98448198032162,0.8727100709354405,62.76149968839761,35.433221100448314
1553.9361229040212,184.33752965861729,1.1438567204986354,61.471120645067465,40.03783367611922
1578.6552848288152,167.2955797752251,1.184581882923454,58.97764389506939,35.756628563479005
1638.5317379728838,175.7834956067107,0.9744092004783542,50.0,34.33354163750085
2145.694352497537,328.85577028280153,10.465287862121345,94.95672197880627,100.0
2035.2495343133796,280.0,7.670365274628802,89.28307738722818,93.02364467787581
1625.6029734313875,187.70400159854574,1.3501997164143629,64.75774885287021,42.740209553950194
1497.561235866571,153.9042933183285,0.6754404080285458,55.258259978878996,34.17880076809349
1591.0879960487212,164.778649039607,1.2457064616101166,54.16110224366032,35.37712751112916
1522.2183312409124,189.7242065076579,0.8742524613344443,69.09030961278913,42.077144893027615
1597.9098406035853,,1.1678093567987313,61.246542978208645,40.65659877818695
1624.3687211491913,200.63560219967428,1.0825054297734626,62.31644265059053,45.19413417574445
2076.2099136605516,299.4873813202923,9.778702965149426,87.26777526106244,100.0
1629.6984673233187,183.65009173984038,,70.0,39.456655024623444
1658.685709380027,197.92569943387264,0.9193683893866214,64.60900750988625,43.631631352180285
1683.3922154548904,182.6466233291584,1.1308797857382697,54.01605676786844,39.89738255006664
1632.4083969394794,170.65289210362855,1.3738899519640726,55.41904042259379,38.084853325796644
1584.0061470036574,160.15365309888753,1.0038700984053541,59.24581144216652,39.06158391975706
2243.898001468105,328.0106615466318,9.645790527450133,90.04609567955856,100.0
1439.2516765438772,189.75301766937991,1.2210156489339543,58.91491474787815,38.33989641641211
1572.4948302848356,196.36965180891403,1.4896192453773511,56.81346126485602,44.312083815734226
1723.781631197346,200.46210644960766,0.9765292065580653,61.50553669595871,41.590527183130845
1548.8784323568814,150.50465115935998,1.5963912096819035,58.05739612408495,35.637148480668124
1609.6995964992718,196.58288899436977,0.6062100568872637,69.77078716875143,41.53448752763011
1458.769629866471,195.98220562598027,1.5445337127590264,53.367639358444585,43.7284671982288
2150.666146085699,287.478920781779,9.814253750786849,88.64442930389706,100.0
1642.9618219132585,163.91791482021588,0.6461436413285718,57.951567036852516,30.697504170765797
2060.9380926038766,292.862962697444,,94.74541422005814,100.0
1585.7620514978707,170.05648623673576,0.9548734106795428,55.834719714996204,38.08501368720612
1561.5444455770175,175.46295470267808,1.6647060454485563,58.852256723198266,38.10327856714092
1520.9525544554688,188.0744411857445,1.0924979543936333,66.00130874869414,39.00008602167389
1467.181395110157,194.76483597714875,1.8187574757729434,57.81617881380891,42.95990309653781
1682.7183249036025,151.65688903581704,0.8039932466337882,54.440164871129184,29.89130711865823
1566.5498764159051,193.2548990623001,0.8916974577222125,56.076190459361484,38.152357708398974
2227.8830489677075,315.53163011182096,8.653726963237311,96.3842796299096,100.0
1750.3992988582688,185.92007294734472,1.295895547775693,60.09200815391719,43.0830402220049
1505.0601111168057,176.6028166214771,1.56358319561592,54.80728089578014,37.28643311041936
,308.1658795170975,6.172731626411606,92.98433446126563,98.90741062064376
1629.3072473298682,178.76773232411148,1.3533607798574943,55.65853634061817,37.27264520839987
1658.8317206484576,183.5818373853977,1.3272183133392268,52.32213938396447,40.70065842836148
1686.960592010566,197.78556231994494,1.4159273826444545,57.93197233289178,39.954401844836944
1564.8486515958691,166.7279592895965,1.3399075123339004,61.35028679195711,34.9195652078525
1602.6091050210835,173.14355615120593,1.0421895471997258,56.985896721080195,31.932481589701762
1631.4247332595273,193.34446193435156,0.9744626849714446,61.702946082002484,39.5689214842879
1543.3702270397227,185.65817812596782,1.4424173394843436,63.034252966078355,38.83792700058364
1518.1779316766529,189.58095333043778,0.8781770922780581,54.705462064717,37.74121524359726
1551.5765927133748,169.92564948092922,0.9988139372770065,64.27262613533308,40.088701819743186
1597.5874912889997,185.71737577324166,1.073771461895684,61.02194515801489,40.47371656195651
2065.3780893129288,298.0674188277654,9.6877889655821,,100.0
1555.348504793298,183.1257421192133,0.6374482591062766,66.1871906734207,34.74605197767322
1630.1547342333613,184.1853228865551,1.1728400153087517,61.639397620796785,40.01563668413142
1610.9394794604893,180.85519687345626,1.0689840791878213,52.40326962261579,37.54337315384096
1522.6210800896426,158.67283999887235,1.6452348085607893,62.43018144708819,35.094465114401174
1662.5667347765007,191.78700237976247,0.7781047608984498,61.860527363034315,44.2437221333626
1543.981895980303,150.0,1.099854153073197,65.45490212592983,30.945081414243784
1670.0309879408992,175.93314598436146,1.3225958434442011,61.5659223693249,38.20465322324879
1545.508091319105,169.24766519095792,1.2690212277574207,58.49570126429587,38.40651907089837
1674.3264094022716,165.6084114491478,1.702347730004261,58.20985310126507,33.303243031632434
1671.2998430172388,193.98886247809634,1.338618267975569,61.549994915827774,42.54759085060479
2072.569691075395,,9.747425179270605,85.0,100.0
1502.244475520145,175.42162943467997,0.9016951876174463,63.34327402378953,41.5035487634031
2061.699314278265,297.85055424759383,8.217607997370541,103.02087097487961,100.0
1528.0155791605291,187.38676896012223,1.3284921291622944,61.3174360766553,41.678178360022386
2118.547367370788,300.70837843768766,8.395701570636597,91.84502842004183,100.0
1647.3832920911786,186.85129828730675,1.4858623641608815,60.0168775329858,36.08451619695349
2114.500093008164,314.2133693040622,7.7536412525361795,94.50645454905228,100.0
1518.418971503456,169.78422513787677,1.7085153121292258,52.75704292683228,34.983288124635315
1498.7168879665576,184.0057539880389,1.2896258725097058,62.757381376197614,36.067156127271645
1594.9761890550863,192.2664944880043,1.1511621281783118,61.7922680910481,38.123991521102475
1634.3618289568462,170.43390023623027,1.5562158154694252,56.08117167206802,37.65720446310359
2087.1495104379605,299.07916402366556,8.051227341358848,88.10077369630864,100.0
2149.5109038418523,328.8236373283994,6.939709420276153,94.07548472176049,100.0
1675.5391225825756,160.3224565147476,1.0460359300585245,69.24304416648206,33.840255474321935
2106.888869460718,305.0185631069392,9.809236526508451,91.0563338827515,100.0
1587.2082408519234,182.00311357173425,1.2001583876569792,50.0,36.56184723289448
1476.2184501173151,211.15121975341262,1.0222607222541318,63.659353521441474,44.146397072613155
1563.6387787786143,164.63719763506194,1.0325094738161908,65.24353563208282,36.89164761737375
2000.0,290.6682421802937,9.63484701236971,96.42333226517886,100.0
1708.8950596967366,186.54485504511047,1.3325821948708227,55.69456044913215,42.10201737388545
1484.9006422577697,203.69358218596068,1.0658034313023745,62.86028720857072,41.176621367546154
2179.213299116743,318.08425730554666,8.380917363391445,89.8609733166227,100.0
1461.9898541785108,171.6961763743801,1.0473109122877504,68.12979457681031,37.17397932998943
2190.2224200507117,310.94986936503284,9.759023671347403,90.97487670299371,100.0
1669.0143991711113,195.3385564801446,1.3666813398010345,61.265826190189905,43.71784561531508
1667.9597748934675,164.65811152202392,1.2056548868834542,57.602535163003786,37.545577993643214
1404.0329876120225,165.02468938891815,1.3270797196780382,64.13023585720754,33.14925198113512
2163.505477371505,350.0,7.644039354699831,92.9981927583923,100.0
1815.3182457511557,168.69053116699985,1.1943873730662307,57.54423126428948,33.58675880210836
1542.418175935532,198.54139762815657,1.4778646206724777,66.14490251244531,43.34138340281965
,310.6481402668027,6.656224603299376,90.98894697961526,100.0
2040.9554333070887,331.50686803913794,7.7575517794478905,91.0055365849333,100.0
1444.3370826476096,177.44723066212606,1.7987002469351894,56.351987650962954,42.3164042077153
2161.270262358449,327.8413519946344,8.834729582121545,92.51446980161987,100.0
1617.3180925851182,164.97569985157628,1.2639589884713067,64.24215441102642,39.468142300837485
2018.4243744232915,314.67696051579196,10.40147726678196,94.81376053255558,100.0
2020.6642669247751,308.8034771294019,7.629975501019473,94.87366969388657,100.0
1656.2969236690572,168.66382260760733,1.5376304353244308,61.647543677865045,35.13418398457777
2043.0421418192861,314.4654167184052,8.521223897448637,95.18680770828297,100.0
2168.977880950958,280.0,6.0,85.82025061329297,92.73754500118154
1714.375404320693,207.39014570320404,1.2020399533679993,60.999052168593565,43.70996966179503
2178.910120472475,296.55028807987327,10.678176548773841,96.11765240382131,100.0
1715.8595579007404,182.94781754552204,1.2226300916704778,55.37287686970206,35.44703869670958
2083.9717937764667,306.0615638400622,9.486644764225561,95.82107694882882,100.0
1531.997527842151,161.22690863714334,1.0037772950617727,69.35482587685891,35.10956970230269
2097.5037208848735,288.1958318640114,10.107894797817696,95.7499099700277,100.0
2000.0,299.34549003566195,6.0,93.05707308658255,96.96991596128385
1863.238206483739,185.51048260224266,1.2783751593701567,51.84362092269527,38.43607634441159
1597.3486124550784,183.28725491495908,1.1638856508139206,62.736323986889836,39.88417011028427
1606.4280019095463,180.570052172523,0.8728802767671462,67.01684985062596,38.36490868003214
1671.0959968203492,157.11515528144858,1.0207469415925075,50.24449067980687,33.75062247923263
1519.772273077838,199.17677793910948,1.5329099525868668,56.93881632746125,40.84967012571508
1775.5340842443204,184.6473106534054,1.2832130813874574,64.2257898559216,40.198848094160404
1606.751848141011,212.17723691660083,0.8282224815439583,50.361637103271946,45.88118672155583
1507.6766753889096,178.4976888528007,1.5179809152139865,64.20991847726063,39.76608824423705
1554.0639100459755,199.52611934098198,0.7728128542649564,59.38645533202138,42.083566219798605
1617.7701000933255,183.00853795846413,0.9108723221368167,64.89211056014018,41.148577941391366
1565.7312405919652,177.98974249990624,0.9972875762515164,61.01164398211401,35.397787014542146
1675.1933032686775,182.9113498934746,1.069354088829047,55.74296782869843,43.36105960038754
1661.1676288840868,197.83524796661328,1.0940501121567934,56.42120005444624,43.871386467810545
1634.6448209496975,185.28083094771446,1.4033625958592721,50.60037807430477,39.181075626569275
1604.6980593764742,188.14947043554582,1.1076115411082879,54.97972701578995,39.846482807240704
2000.0,310.54626759702876,9.376471249652965,90.85962297183194,100.0
1651.3785950912209,189.52757702522953,1.35261750696898,50.0,40.863106226307806
1619.8084760767856,199.34629131124117,0.5,53.98925236961956,39.42127759876302
2123.9718150269878,323.97377627034086,9.520345312626443,97.55609745185104,100.0
,150.0,0.7432922441346326,57.704548448905044,31.58520115130971
1553.0525614065048,198.8363418836028,1.2969237819348087,64.05698277245796,44.16191311738031
2049.6092358108954,280.0,7.922585667384878,93.95701814030531,99.03371051220043
1620.8863595004755,203.25750739221115,0.913463226195194,59.342637021641664,44.49331587722302
1501.4273953664456,150.09396536142816,1.002565053277423,54.4756860346874,32.91347079450367
1712.6565029547758,205.53322416952858,1.6533464790742043,56.45279498786227,45.40064748734043
1703.2465260551146,183.9101064873586,1.4757462520830005,65.15290292812028,38.6122985279431
1661.0370265433464,177.9061555776724,1.3108926576594282,65.11854773053491,38.30541223461551
1618.676676447708,165.02421841217563,1.0563487631974788,56.46187052588987,36.19280101472985
1767.6437312275282,205.67562720213516,1.1772146929072431,59.65682976957266,42.4944131494711
1734.5420046154977,167.4118549899149,1.1456327480345692,65.76950367127874,36.138638555250544
1640.8252755714473,184.84751571277172,0.7446378759957571,51.343993482775375,40.233786829373976
2213.640342981685,301.39381360090715,7.063646567477182,92.97236691064279,97.63264745335253
1400.0,197.23148550558156,1.4380466161656638,62.98614109126692,42.63577778994069
1665.4365656354057,199.92291212773586,0.8248776798090847,59.531819056304144,39.64661243549563
1630.7299520876609,150.0269897320184,1.679594151151415,53.43890403284297,33.26840923404497
1633.2314011979593,175.57575482561958,1.4488424525795245,69.162785217396,39.39854738191858
1625.0492850345877,176.38145913215504,0.5,52.07008343881021,35.23749908277876
1592.9834288541354,167.5861466902692,1.467059523337436,64.46476935054385,40.298239974378625
1566.4215300709873,189.9432190300112,1.2317683359345701,63.05108084794611,39.223534189678794
2069.0110428357752,322.1121246526263,8.501988533101612,90.06836064215793,100.0
1608.65897874729,162.4483046091096,1.1472436786703786,66.02997258273408,33.61229293252717
2168.7667897874844,300.8473350132477,9.131049446527719,88.81545278725402,100.0
1768.7141635072564,163.4495009073919,1.064025477293096,58.07489094143568,37.3687326120626
1467.9543386915723,169.62137895178134,1.3503282509819536,57.17612997914529,39.80609643755587
1476.3049289121918,157.1171224361289,1.492559288934729,53.11191249622881,33.83977376588223
1630.780176889206,198.3155054328803,1.331850369186068,57.58219258076731,46.03780845453672
2100.1830348914805,286.92615437320285,9.917817301917225,91.80047938348753,100.0
1701.4370065018131,150.0,1.001903658157966,58.661794545506034,30.458669818803447
1585.5639588076058,190.09772026904938,1.2596844440389483,58.02159644121868,40.14813223953372
1528.1555778747563,203.91757594837458,1.5378150752316504,61.931616589057796,41.63598484111111
1621.3979910734222,166.1898961038095,1.169033474120251,63.40679755221474,36.20080258993555
1478.5811387212268,162.80481910471968,0.924184622524073,60.01847835923924,32.06157313717414
1647.3237624573544,202.55097452650728,1.107237276885041,53.40376402700616,41.092234969987615
1459.814893720772,169.4981877759124,1.384610245203916,58.432351569138014,37.184810008032684
2115.587387221611,288.1674965568179,8.944865407795458,94.49362855311966,100.0
1422.1279751095722,175.15980241736796,,65.41345526943536,38.55407683360308
1618.4633858532304,178.51236204330925,1.548563490782457,58.4575860577209,41.259600535665065
2048.013849160205,321.8288430350371,7.693531363330275,89.33831080748216,100.0
1615.3725105945528,189.61264291900514,0.9611922429589532,61.056418461397364,42.82313928637552
1749.6044311489184,176.23750475317428,1.1997874216270061,57.64437674091061,39.268673085072294
1561.468640313824,192.75332613170238,0.9582389800511433,58.68275891958876,43.23984198096845
1684.9602097021025,180.7791882871095,1.1671170588222508,59.32751607799133,37.41943834993108
1440.5572341205634,181.8783675397186,0.9974465175076855,60.91917258161252,36.722695569015094
1740.27943109361,181.99454511220313,1.421643144266251,61.83740832737152,36.14427426086618
1648.2472415243185,179.2843296578703,1.4280167891068807,66.11784441209313,40.76687203642729
1708.3051243175278,180.89445554880263,0.9874779699268611,56.82318805587185,38.54481051272083
1429.6617560644845,188.53474618777912,1.1923277063424016,70.0,39.84413929004111
1552.5054688839043,189.7848431762013,,58.14745950704985,40.89337568547319
1525.1513463443446,198.71613109010602,1.141852158368159,64.07075881059133,43.49620562567618
2185.6292128183945,325.0946659613562,9.251247386506318,87.81551565974998,100.0
1529.6823574874113,175.7800866432268,1.6601183129749497,51.240855966241405,39.20248521008431
2076.4605995490833,297.3995004093221,9.53570902918227,97.627738983567,100.0
2176.5362549108527,286.4108067098444,9.543795758640679,85.0,100.0
2106.3841187246985,313.71377160837477,7.633118834750934,88.19974601013548,100.0
1549.6524345883802,179.01374608390518,1.7514551030385368,54.34555782337042,40.975162075507875
1607.3317967188405,204.11018364029988,0.9138181741810065,60.852318854982855,43.40920834850378
1600.5243699718183,181.83446254548426,0.9622740237000116,61.74900012283954,42.39106474806873
,186.43224750495858,1.209839098623476,56.099004354412685,40.19189172453922
1670.7751935455476,191.91397019432742,1.1532305466189996,55.27126969651609,39.894864499811504
1647.2597482413044,156.07945399099808,1.37256150483197,62.21501065223688,34.73763781871046
,317.6687006280729,7.096605551856361,93.42789103706771,100.0
1608.1874139386323,186.36248919602875,0.9038461418546448,67.27911161073384,38.015852996660655
1766.9021525289393,197.60210786227987,1.3753238941417452,60.78486480484217,40.85149137627239
2070.185953283842,330.11849023592833,7.1307836210552304,91.84842767313268,100.0
1502.4126747022667,166.83026119865158,1.4050707969601433,50.0,40.544387300411515
2000.0,319.8812783795104,8.327163651171704,90.61934117820081,100.0
2016.8154775178493,303.26894820243655,7.153254900361556,92.44719663281356,100.0
1759.3186626639397,164.3278620896845,1.0051880885035722,50.6512915015229,33.535718194035574
2064.3245028911074,280.0,9.768704308844391,95.29113112333602,100.0
1542.4362173762227,179.67949058477345,0.8911885475453785,56.9674830589213,36.25501173422839
1634.175597577716,165.26268909692536,1.417528736054399,56.150019669012714,34.49620553709975
2061.266083900101,288.1575759930287,9.71337890408908,94.58235084869678,100.0
1516.9049883588962,187.12047349319928,1.3809562293247029,66.28574608431286,40.26490125377074
1456.9858622039367,197.4124018106778,1.5380115410482749,53.83738342615746,42.822359377776024
2092.952700477674,280.0,6.0,91.57672497000921,90.44098507340694
1596.7305251905907,176.94629459846456,1.0772152685660688,52.41678725289604,37.178551508065965
1496.2753845673544,193.78614724481653,1.4011441851723636,50.0,40.41602573539591
1606.0230209941026,183.74075525566133,0.5481991361957891,62.744419176586824,42.01664342259807
1715.9329803364249,218.37298928502378,1.4936574152345385,63.79856147742084,47.82705532509144
1604.5571839903814,185.98834683907918,1.4859409901739735,60.98646132815603,41.21405262019934
2184.31886169463,328.5881996958163,9.081057220949486,92.14226429613197,100.0
1475.5345296688583,202.5200047793323,1.306684004635698,52.26348005530817,39.18036053826176
,170.85325643520926,1.0538314307659342,68.51257329064802,36.593837027161264
1695.9270826085208,179.06110308150716,1.2584208584156324,52.25690850568127,38.717166220344446
2059.2629309920694,313.52379645005385,7.023198924277048,93.1662547067279,100.0
2000.0,298.20215364488786,9.327828957733232,91.09737447715099,100.0
1534.8399652394182,189.70793909554112,1.2861372495605472,61.556543367214424,40.31803182534351
1708.078072555462,190.39658410894717,0.9724513995899791,66.6528745201952,35.86002221459142
1488.9424154534172,178.18577777088328,1.403811984886951,63.875777470173915,40.34481118128985
1568.9733243406545,179.13571804449623,1.0137457205246652,64.42615741494495,38.7034229256706
1576.9065469791321,198.57424607150455,1.14326388276689,62.12744966620115,41.70149554167647
,161.34205146913072,0.7177320406893077,59.416170421023764,33.77192919734922
2089.42645154845,290.30690430305475,6.0,92.5052567979328,94.91854857231743
1769.6456368290037,202.1629512158289,1.4662966277621508,50.65091830233918,41.89164322679484
1632.271856033809,194.7264823048739,1.5168170427198155,54.34692332531237,41.752674441382936
1644.3819428146228,188.1540023189165,1.286608088783957,60.85919669896766,40.241654740832416
1651.7659020469123,170.96681909457328,0.5539971240386267,62.16131475317078,34.47691657694297
1587.421307990035,163.45187451417476,1.0198729302783884,62.24609360642517,35.70524135756517
1584.199210142101,192.90710232539618,0.6089688546864493,62.26754356277234,41.87153347654465
1758.6016816145352,175.17547423173926,0.8296953384360233,58.35276106826454,35.971864399285316
1687.2320636720679,154.60564778706922,1.5372338159958039,58.7191012375231,32.33168735441655
1524.08673384463,165.15557795144494,1.4859375136128259,57.563985394025366,36.14549811733642
1552.8068134210566,205.91314755151066,1.2505964015900182,62.04881397979749,40.13179880538537
2040.2461371943866,280.0,7.0507649149443745,90.37245902198251,96.61681525381113
2093.6746126508356,310.90982952661506,8.800689447120593,92.22345575937798,100.0
1448.4808937801447,163.61530852991132,1.2265972772884313,50.0,32.89021763641167
1459.2536225623444,158.39923676108558,1.1912211558945065,54.24492958190247,36.995371382563334
1551.2874616235304,166.52298027313444,1.692801885976789,63.752895837608826,37.30542516295886
1470.4921227936384,191.02316679074727,1.40589553708701,58.966943601519766,40.39580902155367
2042.7165250979328,281.34657420520693,9.878372281987494,89.39736069052647,100.0
2041.1839172189402,343.9887196601742,8.420339797454634,98.37067999313153,100.0
2119.4498766810316,280.0,9.069108096407664,91.48536221459177,100.0
1622.3884024279132,187.61753634434436,1.125892289776201,62.758703999554605,37.407230731976156
,330.7088683283389,8.933092004514755,100.61971470953257,100.0
2137.8104276674726,290.6051256073065,9.02289267979147,97.24677379709064,100.0
1572.727643025233,170.22964659312257,1.2313067812569638,50.0,38.165002261507695
2156.056048969647,313.2858953074114,7.1826051207648,86.42905811133201,99.10416911006679
1551.2393775927505,171.80633327621277,1.087441085902819,,36.7430250856644
2061.807143504576,303.5186364958206,9.040246275918651,97.12375830666691,100.0
1677.0865193886966,195.59857031094114,1.2554221736687172,55.76842011267132,39.173670746994134
1705.3152853332904,164.85403942935093,0.765106434090441,50.599949830461185,34.557935916417385
1549.8242956415463,207.7006098860405,1.556303816538469,64.297939434899,47.65956926714304
1650.4987278980457,196.18021250146944,1.0353825276777116,55.761830356904575,41.588772954873434
1692.40270192069,195.36093788717193,1.3951350277608416,59.3524137656828,42.72113927855954
1665.655360863383,186.71562840025973,1.5944743360752143,64.62135069768915,38.57263190276876
1523.6740843457483,180.96711622215182,1.2067397678436138,60.45876242224186,37.36283316900883
1477.9156350028977,183.5132209880478,1.078905461027401,58.152365355833204,39.23941476210653
,182.40860971574796,1.249428252370955,64.98285255289724,37.55121709391064
,181.92156622366184,1.213080733911736,60.19118997480014,38.65558779110385
1857.335980324986,188.48264468447317,0.8242819666760642,68.67468287918405,38.614080996276236
2012.110365985775,320.17216746466886,9.093131478082057,91.66913990441402,100.0
2135.8908611611623,338.48991642493894,6.50030746783329,88.23590919733448,100.0
2300.0,350.0,8.64983043161382,91.86179750418414,100.0
2000.0,296.9220322334885,9.05531783491261,98.41735643323439,100.0
1429.741639576216,177.78596120551998,1.092891239758017,67.47469113726618,39.26466802924299
1453.648505186788,189.73064831384465,1.7816786997174854,64.06602593373988,39.35886227610543
1567.3976467832158,165.40396588677666,1.5420447115563798,54.71721178619874,37.8114424318235
1520.74792615673,205.25891537186803,1.1614387465683207,69.04653174866556,43.66570296304673
1537.5181422304322,204.91888821821806,1.3476056543978396,59.504528498793654,42.48504037899714
1682.940558118349,202.06755491240412,0.949457129510993,64.5568136108736,38.77028813532663
1563.903383418092,171.7221278116133,1.7216698991392736,50.91010387306423,39.17348052907609
1796.472513291639,188.37490368782585,1.4552693886503916,57.34392852696201,39.865440977351994
,191.3873274045397,1.269210271715605,67.6050311357969,39.91943679173885
2191.1644428820377,340.182620268091,9.821720081220054,86.22558295132094,100.0
1651.503526720866,193.427898300416,1.280137995303445,56.97627667730894,42.60999463081535
1467.9766792979358,170.9794853407318,1.556674011442393,57.93501088928283,41.91652259524072
1491.8943459591737,150.0,1.1749686090628917,52.324798762338204,28.21977112561314
1735.3872374165412,188.2873493162572,0.9354376046316846,51.070667540329445,41.54261174546113
1596.5011509503038,181.00486075837307,1.0392595610843105,58.050381467202776,38.90171125612962
2091.6525765610486,319.8597291702892,9.221116869651976,85.53314650020795,100.0
1576.318139325999,172.74171248918518,0.9842540042272739,60.4099777820678,36.93245552099821
1576.5846625276663,173.48255658851528,1.0551769433453901,68.36726045149268,34.902232442916244
1537.3032942212233,156.56181214670187,0.8650426680154022,59.51688164992555,37.07299798629246
1574.0408648636396,,1.7929321753546454,57.06734365218032,42.086708143933976
2232.496660164584,301.96409946116734,7.673527294692626,92.07737628324702,100.0
1627.9968626319821,186.83831658122412,1.4646999186970227,53.56418215707875,38.58406667882047
1766.5474444462577,162.45124746434567,1.2021189475884528,62.367359495176146,34.195608733612126
,150.0,0.7197288064570453,60.4260472481695,27.08532752002838
1581.6016663647322,196.3312292955628,1.4006224966777538,63.69826575862336,41.3947169616458
1648.937456122792,174.00545721578095,0.9056503406580955,54.414067691464986,34.831756428432634
1600.5113456642462,198.09763449762536,1.3541723548976745,63.951859480258555,40.021170588128506
2000.0,312.2107063494788,8.312238357425255,87.63143362628507,100.0
1634.7581705361672,203.14865292408282,1.0838700892576796,66.59151162426335,43.72243801146564
1578.0899471191135,155.7965790318489,1.2455273976746222,69.93637999615405,32.13096436675845
1493.2379570617406,169.47012468289867,1.2003616426086672,59.5970012535162,34.73504232935379
1460.1432426180859,177.37560364956886,0.9391010756175917,57.150835358806205,35.52068104300212
1705.7122226218917,216.8295020986634,1.4957189987039587,58.82796099841839,44.891026022920606
1598.6502775262065,164.937888498719,1.0069350503047614,59.88223924562881,32.85974296298445
1662.0672097550678,167.8462134447843,1.2780841519748658,62.578140442219784,34.02609999508671
2044.8891565939675,308.43538681882967,9.250214549670826,85.0,100.0
1635.7787360348284,200.99033154879004,1.7703572057259023,50.617236469790626,44.721639626650216
1508.0575765766198,186.60021675079997,1.439982570582615,57.913165931974575,42.999197781616814
1637.5698018345672,172.15709959270097,1.5843049085205338,59.68904491500344,40.099267546174595
2150.6928819819245,350.0,6.708215590350948,91.0747962282812,100.0
1526.9633368282864,176.1393519386498,1.412464326976967,61.48287772570381,38.98588966458415
1688.163975694945,150.0,1.6357402603412234,61.914944923704645,32.968051653527986
1663.240773905552,184.40336898249944,1.2480054677558363,53.41434040026708,40.07180795961867
1818.9802933217672,165.17113339273624,0.9681366996529173,59.69117900069936,33.33974882122084
1628.0991867735033,176.11436781268947,1.0578481958787251,63.78394339993491,35.489441725539145
1717.9297184063826,167.46979420110364,1.3906254090627679,61.96898649108126,38.66473538210014
1459.248830528218,168.2265253037664,0.8738262183411591,56.334835022380055,33.914214682517525
1649.1919171506506,159.98961757622692,1.4262873989440723,57.21288473445839,36.058740092310565
1647.8979825746392,210.20080871289935,1.8072928869860556,60.360184306418724,46.16914545726383
1512.4381746615243,184.01088471107855,0.7338723701951807,58.562762402998224,40.13617782728821
1681.351721736967,183.65701070656797,1.4850922775920727,53.77141311776808,40.70715555028813
1489.366502599397,203.2125780199509,0.5634435302974216,62.41124476340329,39.9601739145975
1400.0,189.13707181360766,1.5708392165418652,62.29193351775742,42.71372355586217
1594.5705133482188,188.7954602813264,0.8009059122783031,58.31872630659464,38.43502485677137
1609.965136508764,203.4828604385151,1.310186194020402,70.0,41.13261721030765
2099.256915074575,280.0,6.734556830845047,91.90306866452123,96.32788816288068
1433.0594718878629,180.8497488734566,1.9237846264838747,56.405838061956345,42.00868205566314
2098.2159773025555,339.06550952085087,7.989101939635208,85.0,100.0
2078.5083397352205,315.53201531022364,7.155501012111907,94.687778431258,100.0
1681.2525822394198,170.8081696427342,1.5890983639683327,,38.67066430386706
2021.2005499346387,325.9568755979153,6.912339049537521,97.76778002320756,100.0
1427.5082167486967,195.47766809202952,1.1458560259228123,,42.858489664743026
1786.5774511144757,185.14088019566557,,50.0,39.5028609897948
1673.846657999541,179.2580443552135,1.2072658370018274,68.7479195210271,38.29113918886086
1607.7368307647619,179.9089363269016,1.3866621432130206,63.841036083158684,41.19150097531487
1519.1701714644848,163.44616024176344,1.3221156861373604,62.39720759043032,33.20099355682896
1592.7171087343127,193.16043435863506,0.974353078322825,58.98509681302171,40.73707915431196
1590.394010027535,193.26068094541574,1.5338065124969775,56.52699815418428,43.2574285660149
1522.7174785462428,170.22872994578327,0.5544553796012085,56.329131006107524,36.83612571261817
1620.7687687163111,150.0,0.921146741942277,63.56161079790081,30.899766002479513
1532.3077999694042,170.43919309040223,1.2583152904732007,59.66410854975322,37.88178953631306
2068.9322449359074,308.6375314966409,6.408257396711107,95.44574610253122,98.22552329250995
1567.8614158347007,161.58588277294513,1.34030795152963,61.71168917244811,33.372987759773444
1538.8482197008052,191.49120417577035,1.4080436735741981,59.446673157213354,40.554341578553505
1594.3054376278933,207.81138849501284,0.8699537301084914,68.27703556544148,43.183354796674564
1617.0865438127942,174.4168983589342,1.198321194351286,59.30301399668383,36.75470301985708
1530.7090404739347,178.78925129837125,1.0889966910353617,67.15683390915592,41.80615172186543
1704.900922583689,171.732214255072,0.9005818118056761,64.27777829510356,35.887485887518515
1691.7861947054776,185.93705300156114,1.7325932677828535,67.59641961820884,38.14232639193114
1601.8433933065394,208.26879458901914,0.8724897371582057,50.45321956246354,45.319347984683176
1603.526355197173,181.14008087118617,1.158788463480181,62.4193832559402,37.08943890548695
1520.7127167737656,161.85538471963193,0.9542226420835507,57.43401817743302,35.00780282020281
2187.7840150034967,291.9865723497504,8.083683615526672,93.94473916624776,100.0
2053.6700712291404,321.1667284642341,9.413358034381949,90.76140114404775,100.0
2023.9271416250215,325.19029774972216,9.76465799848486,89.73769452850404,100.0
1613.0740577286092,185.19755822596073,1.0767557136136245,63.12815466823,38.75571651754933
1656.0784526368234,193.86950524369152,1.1818017558556138,63.09855722983068,42.27702527484683
1678.7084603742453,199.93728795198646,1.4226382473215677,60.4284358070168,39.45804539081902
1558.8123033877532,150.0,1.0150915775881568,68.73681598957779,28.092336870344152
1522.1695274597687,163.20573850066484,1.454730633222943,57.9425342771891,35.89511773940093
1540.0624977046227,173.5589168831212,1.1566443987853445,70.0,35.58685327129657
1529.565630945724,167.7270167486654,1.0848086184142944,68.2474044716196,39.053159638214325
1657.6556963055766,214.7899430997254,1.3847313449313425,55.31746812605202,45.87384529181116
2000.0,,6.870918126822871,98.90490618254253,100.0
1543.7533224105732,161.18565865246126,1.0355138110528197,63.04123095842484,32.10361987168618
1640.4050856814538,180.69654822234224,1.1276227036144373,55.87294735010522,40.51729698144359
1559.1924626978448,177.62205640459544,0.8954717424516394,58.70572799815084,37.350581269689684
1542.3096344337596,165.47483317704547,1.3295767634021822,60.90713310056986,34.96166080600994
1586.1735698828816,172.2593290767394,1.6124629257444554,60.88410436069699,38.527681395205136
2127.0366022585695,320.0650412949901,8.044974898784298,92.13603238491258,100.0
2032.2912224090421,296.66302566096874,8.491067936180906,85.23731348957419,100.0
1807.540079864544,188.6893724940163,1.2739514335296014,56.9570513838015,40.26359335796526
1578.0328112162488,217.90398638810433,1.3211190271009827,56.970695896205534,44.49962919131032
1506.2174960084876,185.90228078132625,0.724759217098353,59.077373211720754,33.56548242002258
1682.254491210319,179.4797266891983,,61.12653961020471,35.5341689965708
1442.9775280109543,179.46537776553774,1.6345497689678778,56.237823813234826,39.545329883431485
1604.8521627944826,196.28843348747367,1.1014144572753046,57.749935710020935,42.308649335082244
1668.605145999844,177.79496997557268,1.571683905881831,59.68997995316984,40.23042137002392
1546.974238162756,198.41503488709938,0.7962387229580354,66.0897957615278,41.57421138787833
1622.4092481810417,200.76409227765777,1.140798473907802,59.83193717648143,42.892564779758565
1696.864499053289,187.60911046660948,1.0575289030132426,56.55136112967913,34.66126258627822
1543.6275447196026,,1.2293949460412685,64.26987988276112,40.241587956925564
2052.808419482969,312.52535472468134,10.11527221698652,97.09028065171428,100.0
1720.1213922163945,197.94857252496737,1.6741622059705121,66.11541533547663,43.38956196315801
1623.2049937357635,180.23368571372202,1.0891168991869098,58.51696270465101,38.851235221144535
1527.2862824175131,155.77302276141737,1.0920694062632743,52.666074046921615,34.35122534342187
1588.5263558533102,173.1167360569659,0.6354452863507083,58.909770523038134,34.66599265407797
1408.67197553422,182.94832164767362,1.1766488408961593,55.41248589492868,41.98943925475157
1602.100384163276,185.47441503699338,1.0371978600797935,50.0,40.120140092611514
1675.6988616645351,164.2963352597709,1.741304432936023,50.46096221061305,33.56479081016381
1787.6170839215886,176.63050275004463,1.3548534861344874,53.51941667875053,36.19955355544475
1601.0233061019587,160.75511663717145,1.4338981596808018,57.30579071903631,32.897609514002696
1682.206015999449,169.85411546911095,,55.020923026048855,36.62162937253047
2116.380710592143,280.0,6.464596645450637,95.25592344079097,91.01333440084112
2202.7276635158496,316.48680420029734,9.318680070298534,91.54143665797443,100.0
1400.0,172.07074977375365,0.9303647855030615,65.79537032477948,38.45660286696425
2058.584594170463,316.48917208705035,7.973725854885288,91.93355863069637,100.0
1524.3649254715697,168.21015809238077,1.0348389451525248,50.0,36.91789887867887
2122.2678907715735,313.1425583798188,8.81420512547166,93.11633543338074,100.0
1534.9357430878174,188.04764765355606,0.8431764321398016,52.4141315166416,39.01513227718014
2000.0,337.11145871420695,6.0,89.84277994214692,100.0
1686.5755194170122,,1.2278534703423343,56.7395555570347,41.51743538826974
1400.0,179.59043190735102,0.9567427466368985,61.7625248417844,35.880839820187504
2109.0512365642417,307.9743856259693,9.271093828637163,88.1493959523241,100.0
1687.1124703431692,,1.3494665245490354,57.355111459679925,37.43164540982028
1575.9674601841864,158.72451400600454,1.4350171527847786,59.717057555500524,30.22268146457057
1448.5152775314136,180.40328758491796,1.6021351338069434,59.68237712692322,39.56304858190431
1638.0197851005964,164.76267271532404,1.3031363644649656,54.48165085734816,41.86292074101891
1581.5097863557012,188.88790423801774,0.7490759094720546,62.89928642647566,40.03501196331959
1575.096396044362,182.12575370459857,1.105178143191885,55.45158291509083,38.78125522333451
1487.094822878277,174.4075027186235,,60.70179934924023,37.22603421148051
1627.0456825779838,179.62459561882284,1.0367657993657422,57.323324564918885,35.126631674759
1633.1263431403563,171.71665433578542,0.8980372304161076,62.49842555151467,38.51287456834396
1764.4967713501283,198.19646549968775,1.014704431369695,59.84470533564549,41.539324752611904
1628.9774856896413,179.77035226240505,0.8665626129188904,55.87742919236163,38.33136029985276
2216.975675097411,293.2787569579995,6.764325071930093,90.7388133788555,98.73632028043201
1524.4617067646677,184.526878497292,0.9411672707870637,56.439130679119785,39.64408273665367
1812.2156197012632,187.41045279424108,0.8419089504730559,62.55396044263797,38.91059909675795
1577.4223699513464,201.1402116027837,0.7685166065047899,65.84794996213887,43.28006583224129
1681.3509636000638,187.43522831958907,1.350253342483337,53.00346912599029,36.69227932922797
1480.212210741115,179.16346383513442,1.2580769734102633,60.970538154766786,42.77390879264189
1502.5318329772679,189.64084139801315,1.6919893588114179,54.93052023853731,39.00548219081398
1619.905969557347,156.65127152010373,1.0313495920265092,61.74825023649847,35.34858458744617
2082.629514004304,324.3174548938192,8.049301076918944,93.17988582283529,100.0
1685.6398794323472,150.0,1.234507823744225,57.71349172456605,30.863366759586764
1615.0393786476207,194.11156781982325,1.3539256260291879,58.240393410917456,38.94314956561484
2147.4053819077862,297.47369447633986,9.77032315582737,90.98529568983048,100.0
1727.7676821898508,193.4238656541666,0.9180290696673405,58.39378616941044,41.31247083235985
1747.9944138890025,217.39499276149186,1.2901423078832486,50.0,47.73822017710168
1549.305682462887,181.88364680207314,1.0970423173507768,62.790697572592535,36.416061841146664
1781.244855799693,172.06420983980559,1.5707434860020815,57.920165360263205,40.13561786181038
1654.7097381170038,170.64346558956294,0.8418224980802833,58.242928821431335,36.812819052946296
1545.3141058759609,161.63552645565952,1.3212884264885092,58.335697978087445,33.39100513266958
1444.9336568933868,171.672007099602,1.1329602052884442,62.36816038405727,38.427865073268464
1545.6575228866236,167.2421931868605,0.8786838961052853,57.353339437758144,34.77458727244663
2043.6217251511293,299.5253739445716,10.425725289780342,85.47465955833171,100.0
1576.5412866624854,167.74596493519147,1.2538745345818794,61.70025647284445,38.331571140931516
1745.1143607795043,181.56301655927814,1.3967702329589282,59.11612918442109,39.74771522963886
1632.8751109659684,174.6106186381941,1.2603478967618518,59.77294391033881,37.019485557300165
1544.6350694652817,169.42482216362387,1.2787683987005773,65.89862604180355,36.76348047807289
1598.7753227153084,184.82035823175408,0.8311351216642748,66.15437256577367,41.62120525603862
1568.4730755359653,206.03945704747875,1.1194408056282503,62.99397194780955,42.34654245487918
1661.4166700043424,178.3316090797695,0.5,55.807071007763845,38.12908232110389
1509.061254520526,164.6022705088341,1.1221359967248248,70.0,33.356589515744474
1844.5751979616825,170.34722654429785,1.0589873556721496,57.08200336826997,33.65842320629394
1746.5648768921553,172.24067324849443,1.2339811231613294,65.23658853310724,34.81581541681725
1547.727697948096,191.67541614249956,1.5155842853168755,56.465537160063256,40.2540143056121
1753.803656646597,168.0255413319232,1.0899526764555938,70.0,34.039091438388425
1788.618590121053,159.6021578853012,1.4017721103608194,,35.78798819542577
1744.1273289066116,179.29619131681224,0.8682885994542193,56.516140907852126,37.413016347252665
,329.9526415384049,10.282895234630512,97.92784307374615,100.0
1607.4094780419775,204.58675208166102,2.027898011673323,58.500809018625596,45.506783232269655
1565.728548347323,180.43117234402226,1.3904164405685309,58.34345808408339,39.300317300750756
